{"stats":{"minecraft:crafted":{"minecraft:cooked_chicken":1,"minecraft:cooked_mutton":5,"twilightforest:cooked_venison":2,"minecraft:iron_axe":1,"minecraft:stone_pickaxe":2,"minecraft:cooked_porkchop":5,"minecraft:crafting_table":2,"minecraft:spruce_planks":384,"minecraft:wooden_pickaxe":1,"minecraft:iron_helmet":1,"minecraft:iron_sword":1,"minecraft:bucket":1,"minecraft:air":0,"minecraft:shield":1,"minecraft:stick":120,"minecraft:iron_ingot":69,"minecraft:iron_pickaxe":1,"minecraft:stone_sword":1,"minecraft:iron_leggings":1,"minecraft:white_bed":1},"minecraft:used":{"minecraft:stone_sword":132,"minecraft:poppy":17,"minecraft:chest":2,"minecraft:spruce_planks":241,"minecraft:shield":19,"minecraft:iron_sword":56,"twilightforest:cracked_etched_nagastone":2,"minecraft:cooked_chicken":1,"travelersbackpack:bat":2,"minecraft:iron_chestplate":1,"minecraft:dirt":31,"minecraft:mutton":17,"twilightforest:mossy_etched_nagastone":1,"minecraft:granite":2,"minecraft:snowball":44,"minecraft:iron_axe":32,"twilightforest:cooked_venison":2,"minecraft:iron_boots":3,"minecraft:golden_sword":33,"minecraft:furnace":8,"minecraft:cooked_cod":3,"minecraft:cobbled_deepslate":15,"minecraft:golden_axe":101,"minecraft:cooked_mutton":5,"minecraft:water_bucket":10,"minecraft:diorite":1,"minecraft:polished_andesite":1,"minecraft:stone_pickaxe":210,"minecraft:wooden_pickaxe":3,"minecraft:blue_bed":9,"minecraft:leather_boots":2,"minecraft:crafting_table":6,"minecraft:red_bed":1,"minecraft:white_bed":4,"minecraft:apple":5,"minecraft:melon_slice":6,"minecraft:bread":11,"minecraft:brown_wool":1,"minecraft:iron_pickaxe":37,"twilightforest:firefly_jar":3,"minecraft:gravel":4,"minecraft:cobblestone":26,"twilightforest:raw_venison":5,"minecraft:cooked_porkchop":11,"minecraft:andesite":1,"minecraft:bucket":11,"minecraft:gray_wool":1},"minecraft:killed_by":{"twilightforest:naga":1,"minecraft:creeper":1,"twilightforest:kobold":1,"twilightforest:pinch_beetle":1},"minecraft:killed":{"twilightforest:deer":3,"minecraft:spider":3,"minecraft:skeleton":4,"minecraft:chicken":1,"minecraft:pig":3,"minecraft:iron_golem":1,"twilightforest:kobold":7,"minecraft:creeper":1,"twilightforest:skeleton_druid":4,"minecraft:sheep":12,"minecraft:zombie":13,"minecraft:stray":1,"minecraft:villager":1,"minecraft:cow":4,"twilightforest:bighorn_sheep":7},"minecraft:custom":{"minecraft:mob_kills":65,"minecraft:interact_with_crafting_table":13,"minecraft:leave_game":6,"minecraft:time_since_death":149,"minecraft:climb_one_cm":3192,"minecraft:sprint_one_cm":275095,"minecraft:walk_one_cm":338275,"minecraft:damage_blocked_by_shield":1935,"minecraft:drop":30,"minecraft:talked_to_villager":1,"minecraft:play_time":133213,"minecraft:deaths":7,"minecraft:sneak_time":11566,"minecraft:walk_under_water_one_cm":16569,"minecraft:jump":2664,"minecraft:walk_on_water_one_cm":20163,"minecraft:total_world_time":133213,"minecraft:interact_with_furnace":27,"minecraft:sleep_in_bed":3,"minecraft:time_since_rest":181,"minecraft:damage_taken":3732,"minecraft:trigger_trapped_chest":4,"minecraft:damage_dealt":9756,"minecraft:swim_one_cm":9983,"minecraft:fly_one_cm":1686952,"minecraft:open_chest":15,"minecraft:crouch_one_cm":25360,"minecraft:interact_with_smoker":8,"minecraft:fall_one_cm":81285},"minecraft:picked_up":{"minecraft:crafting_table":6,"minecraft:iron_chestplate":1,"minecraft:wheat":8,"minecraft:purple_wool":1,"minecraft:chicken":2,"minecraft:stone_brick_stairs":1,"minecraft:string":6,"minecraft:red_bed":1,"minecraft:white_carpet":9,"minecraft:birch_fence":2,"minecraft:magenta_wool":2,"minecraft:gold_nugget":2,"minecraft:cobbled_deepslate":15,"minecraft:spruce_planks":128,"minecraft:beef":11,"minecraft:written_book":3,"minecraft:iron_nugget":14,"minecraft:poppy":17,"minecraft:chest":4,"twilightforest:firefly_jar":3,"minecraft:iron_boots":3,"minecraft:furnace":8,"minecraft:blue_wool":1,"minecraft:tipped_arrow":1,"minecraft:raw_iron":69,"minecraft:stick":139,"minecraft:oak_fence":2,"twilightforest:cracked_etched_nagastone":2,"minecraft:porkchop":5,"minecraft:diorite":1,"minecraft:redstone":45,"minecraft:arrow":4,"minecraft:rotten_flesh":7,"minecraft:golden_hoe":1,"minecraft:saddle":1,"minecraft:obsidian":2,"minecraft:mutton":29,"minecraft:iron_bars":1,"minecraft:snowball":49,"minecraft:white_wool":13,"minecraft:cobblestone":34,"minecraft:magma_block":2,"minecraft:andesite":1,"minecraft:brown_wool":4,"minecraft:leather":6,"minecraft:potato":9,"minecraft:flint":1,"minecraft:gunpowder":3,"minecraft:cobblestone_stairs":1,"minecraft:dirt":35,"minecraft:lapis_lazuli":17,"minecraft:blue_bed":9,"twilightforest:raw_venison":7,"minecraft:red_carpet":2,"minecraft:bone":9,"minecraft:stone_bricks":1,"minecraft:raw_gold":1,"minecraft:iron_ingot":4,"minecraft:fletching_table":2,"minecraft:gravel":8,"minecraft:spruce_sapling":30,"minecraft:white_bed":3,"minecraft:spruce_log":102,"minecraft:leather_helmet":1,"twilightforest:mossy_etched_nagastone":1,"minecraft:polished_andesite":1,"minecraft:diamond":6,"minecraft:painting":6,"minecraft:granite":2,"minecraft:gray_wool":1,"minecraft:bread":4,"minecraft:light_gray_carpet":3,"twilightforest:torchberries":5,"minecraft:coal":148},"minecraft:dropped":{"minecraft:diamond":2,"minecraft:leather_helmet":1,"minecraft:red_carpet":2,"minecraft:cobblestone_stairs":1,"minecraft:dirt":4,"minecraft:birch_fence":2,"minecraft:snowball":17,"minecraft:golden_hoe":1,"minecraft:purple_wool":1,"minecraft:gravel":4,"minecraft:blue_wool":1,"minecraft:white_carpet":9,"minecraft:rotten_flesh":7,"minecraft:iron_boots":1,"minecraft:light_gray_carpet":3,"minecraft:tipped_arrow":1,"minecraft:stone_bricks":1,"minecraft:iron_bars":1,"minecraft:wooden_pickaxe":1,"minecraft:stone_pickaxe":1,"minecraft:magma_block":2,"minecraft:stone_brick_stairs":1,"minecraft:magenta_wool":2},"minecraft:mined":{"minecraft:spruce_planks":4,"minecraft:white_bed":3,"minecraft:deepslate_diamond_ore":6,"minecraft:cobblestone_stairs":1,"minecraft:granite":2,"minecraft:grass_block":5,"minecraft:spruce_leaves":3,"minecraft:spawner":3,"minecraft:large_fern":3,"minecraft:magma_block":2,"minecraft:furnace":6,"minecraft:iron_ore":47,"minecraft:fire":4,"minecraft:andesite":1,"twilightforest:twilight_oak_leaves":1,"minecraft:fletching_table":1,"twilightforest:firefly_jar":3,"minecraft:deepslate_iron_ore":22,"minecraft:iron_bars":1,"minecraft:stone":32,"minecraft:deepslate_redstone_ore":8,"minecraft:light_gray_carpet":3,"minecraft:red_bed":1,"minecraft:crafting_table":5,"minecraft:poppy":16,"minecraft:chest":4,"minecraft:cobblestone":3,"minecraft:deepslate_coal_ore":7,"minecraft:lapis_ore":3,"minecraft:deepslate_gold_ore":1,"twilightforest:mayapple":4,"minecraft:diorite":1,"minecraft:blue_bed":9,"minecraft:blue_ice":2,"minecraft:ice":8,"minecraft:white_carpet":9,"minecraft:spruce_log":103,"minecraft:stone_brick_stairs":1,"minecraft:grass":12,"minecraft:coal_ore":89,"minecraft:dirt":3,"minecraft:cobweb":4,"minecraft:cracked_stone_bricks":1,"minecraft:stone_bricks":1,"minecraft:mossy_stone_bricks":3,"minecraft:birch_fence":1,"minecraft:deepslate":6,"minecraft:fern":2},"minecraft:broken":{"minecraft:stone_sword":1,"minecraft:stone_pickaxe":1,"minecraft:golden_sword":1,"minecraft:golden_axe":1}},"DataVersion":3337}