{"stats":{"minecraft:mined":{"minecraft:grass":1,"minecraft:spruce_log":31,"minecraft:fern":2},"minecraft:used":{"minecraft:golden_axe":29},"minecraft:custom":{"minecraft:jump":45,"minecraft:open_chest":1,"minecraft:time_since_rest":5588,"minecraft:crouch_one_cm":934,"minecraft:leave_game":3,"minecraft:play_time":5588,"minecraft:sprint_one_cm":7008,"minecraft:damage_taken":20,"minecraft:time_since_death":5588,"minecraft:walk_one_cm":4121,"minecraft:sneak_time":371,"minecraft:total_world_time":5588,"minecraft:fall_one_cm":1805,"minecraft:fly_one_cm":7033},"minecraft:picked_up":{"minecraft:spruce_log":31}},"DataVersion":3337}