{"stats":{"minecraft:mined":{"minecraft:coal_ore":33,"minecraft:grass_block":1,"minecraft:oak_log":6,"minecraft:iron_ore":6,"minecraft:stone":35,"minecraft:crafting_table":1},"minecraft:custom":{"minecraft:time_since_rest":7177,"minecraft:crouch_one_cm":3482,"minecraft:play_time":7177,"minecraft:sprint_one_cm":9817,"minecraft:damage_taken":50,"minecraft:walk_one_cm":4856,"minecraft:sneak_time":2006,"minecraft:drop":1,"minecraft:jump":111,"minecraft:leave_game":1,"minecraft:time_since_death":7177,"minecraft:total_world_time":7177,"minecraft:interact_with_crafting_table":4,"minecraft:fall_one_cm":4212,"minecraft:fly_one_cm":24536},"minecraft:dropped":{"minecraft:wooden_pickaxe":1},"minecraft:crafted":{"minecraft:furnace":2,"minecraft:oak_planks":24,"minecraft:stone_axe":1,"minecraft:crafting_table":1,"minecraft:stick":16,"minecraft:stone_pickaxe":1,"minecraft:wooden_pickaxe":1},"minecraft:used":{"minecraft:stone_axe":1,"minecraft:dirt":1,"minecraft:crafting_table":1,"minecraft:stone_pickaxe":71,"minecraft:wooden_pickaxe":3},"minecraft:picked_up":{"minecraft:raw_iron":6,"minecraft:crafting_table":1,"minecraft:oak_log":6,"minecraft:coal":31,"minecraft:dirt":1,"minecraft:cobblestone":34}},"DataVersion":3337}