{"stats":{"minecraft:broken":{"minecraft:stone_sword":1,"minecraft:stone_pickaxe":1,"minecraft:golden_sword":1,"minecraft:golden_axe":1},"minecraft:picked_up":{"minecraft:crafting_table":9,"minecraft:iron_chestplate":1,"minecraft:wheat":18,"minecraft:purple_wool":1,"minecraft:chicken":2,"minecraft:stone_brick_stairs":1,"twilightforest:nagastone":1,"minecraft:lapis_block":1,"minecraft:string":6,"minecraft:red_bed":1,"minecraft:smooth_stone_slab":5,"minecraft:white_carpet":9,"minecraft:birch_fence":2,"minecraft:magenta_wool":2,"minecraft:cracked_stone_bricks":2,"minecraft:gold_nugget":5,"minecraft:cobbled_deepslate":15,"minecraft:spruce_planks":128,"minecraft:beef":11,"minecraft:written_book":8,"minecraft:iron_nugget":14,"minecraft:poppy":17,"minecraft:sugar_cane":12,"minecraft:chest":4,"twilightforest:firefly_jar":3,"minecraft:furnace":9,"minecraft:iron_boots":3,"minecraft:blue_wool":1,"minecraft:tipped_arrow":1,"minecraft:stick":155,"minecraft:raw_iron":69,"minecraft:oak_fence":2,"twilightforest:cracked_etched_nagastone":2,"minecraft:porkchop":5,"minecraft:diorite":1,"minecraft:redstone":45,"twilightforest:firefly":1,"minecraft:arrow":10,"minecraft:rotten_flesh":7,"minecraft:light_blue_wool":1,"minecraft:golden_hoe":1,"minecraft:saddle":1,"minecraft:obsidian":16,"minecraft:mutton":31,"minecraft:iron_bars":1,"minecraft:snowball":49,"minecraft:white_wool":13,"minecraft:cobblestone":44,"minecraft:magma_block":2,"twilightforest:twilight_oak_log":9,"minecraft:andesite":1,"minecraft:brown_wool":4,"minecraft:leather":7,"minecraft:potato":10,"minecraft:flint":1,"twilightforest:mossy_nagastone_pillar":2,"minecraft:paper":21,"minecraft:cobblestone_wall":2,"minecraft:gunpowder":3,"minecraft:cobblestone_stairs":1,"minecraft:lapis_lazuli":17,"minecraft:dirt":41,"minecraft:blue_bed":9,"twilightforest:canopy_sapling":15,"minecraft:cooked_mutton":4,"twilightforest:raw_venison":18,"minecraft:red_carpet":2,"minecraft:bone":18,"minecraft:stone_bricks":1,"minecraft:wheat_seeds":4,"minecraft:raw_gold":1,"minecraft:iron_ingot":4,"minecraft:fletching_table":2,"minecraft:glowstone_dust":6,"minecraft:iron_sword":1,"minecraft:book":19,"minecraft:gravel":8,"twilightforest:canopy_log":74,"minecraft:spruce_sapling":30,"minecraft:white_bed":3,"minecraft:spruce_log":102,"minecraft:leather_helmet":1,"twilightforest:mossy_etched_nagastone":1,"minecraft:polished_andesite":1,"twilightforest:canopy_planks":4,"minecraft:diamond":6,"minecraft:black_wool":1,"twilightforest:raven_feather":1,"minecraft:granite":2,"minecraft:painting":6,"minecraft:gray_wool":1,"minecraft:bread":4,"twilightforest:spiral_bricks":8,"minecraft:light_gray_carpet":3,"twilightforest:torchberries":8,"minecraft:coal":188},"minecraft:mined":{"twilightforest:firefly":1,"minecraft:spruce_planks":4,"minecraft:white_bed":3,"minecraft:deepslate_diamond_ore":6,"minecraft:cobblestone_stairs":1,"minecraft:obsidian":14,"minecraft:granite":2,"minecraft:grass_block":6,"minecraft:spruce_leaves":3,"minecraft:spawner":8,"minecraft:large_fern":3,"minecraft:magma_block":2,"minecraft:glowstone":2,"minecraft:furnace":7,"minecraft:iron_ore":47,"minecraft:fire":7,"twilightforest:canopy_planks":4,"minecraft:andesite":1,"twilightforest:twilight_oak_leaves":1,"minecraft:fletching_table":1,"minecraft:bookshelf":7,"twilightforest:firefly_jar":3,"minecraft:deepslate_iron_ore":22,"minecraft:iron_bars":1,"minecraft:stone":42,"minecraft:deepslate_redstone_ore":8,"minecraft:light_gray_carpet":3,"twilightforest:root_strand":1,"minecraft:red_bed":1,"minecraft:crafting_table":8,"twilightforest:spiral_bricks":2,"minecraft:poppy":16,"minecraft:chest":4,"twilightforest:twilight_oak_log":23,"minecraft:tall_grass":2,"minecraft:cobblestone":5,"minecraft:deepslate_coal_ore":7,"minecraft:deepslate_gold_ore":1,"minecraft:lapis_ore":3,"minecraft:sugar_cane":3,"twilightforest:mayapple":4,"minecraft:diorite":1,"minecraft:blue_bed":9,"minecraft:lapis_block":1,"minecraft:ice":8,"minecraft:blue_ice":2,"minecraft:white_carpet":9,"minecraft:spruce_log":103,"minecraft:stone_brick_stairs":1,"minecraft:grass":22,"minecraft:coal_ore":89,"minecraft:dirt":8,"minecraft:cobweb":4,"minecraft:cracked_stone_bricks":1,"twilightforest:canopy_log":74,"minecraft:stone_bricks":1,"minecraft:mossy_stone_bricks":3,"minecraft:deepslate":6,"minecraft:birch_fence":1,"minecraft:fern":2},"minecraft:custom":{"minecraft:mob_kills":107,"minecraft:interact_with_crafting_table":17,"minecraft:leave_game":8,"minecraft:time_since_death":416,"minecraft:climb_one_cm":3333,"minecraft:sprint_one_cm":420765,"minecraft:walk_one_cm":481628,"minecraft:damage_blocked_by_shield":2265,"minecraft:drop":53,"minecraft:talked_to_villager":1,"minecraft:play_time":210355,"minecraft:deaths":16,"minecraft:sneak_time":16054,"minecraft:walk_under_water_one_cm":27982,"minecraft:jump":4370,"minecraft:walk_on_water_one_cm":73531,"minecraft:total_world_time":210355,"minecraft:interact_with_furnace":38,"minecraft:sleep_in_bed":3,"minecraft:time_since_rest":450,"minecraft:damage_taken":7141,"minecraft:trigger_trapped_chest":4,"minecraft:damage_dealt":16388,"minecraft:swim_one_cm":35147,"minecraft:fly_one_cm":6521160,"minecraft:open_chest":19,"minecraft:crouch_one_cm":31164,"minecraft:fall_one_cm":126927,"minecraft:interact_with_smoker":8},"minecraft:killed":{"twilightforest:deer":9,"twilightforest:mosquito_swarm":2,"minecraft:spider":4,"minecraft:skeleton":8,"twilightforest:naga":1,"twilightforest:swarm_spider":2,"minecraft:chicken":1,"twilightforest:death_tome":4,"minecraft:pig":3,"minecraft:iron_golem":1,"twilightforest:kobold":14,"twilightforest:raven":2,"minecraft:creeper":1,"twilightforest:skeleton_druid":7,"minecraft:sheep":12,"minecraft:zombie":18,"minecraft:stray":2,"minecraft:villager":1,"minecraft:cow":4,"twilightforest:bighorn_sheep":11},"minecraft:killed_by":{"twilightforest:naga":2,"minecraft:creeper":1,"twilightforest:minotaur":1,"twilightforest:kobold":1,"minecraft:skeleton":1,"minecraft:witch":1,"minecraft:zombie":1,"twilightforest:pinch_beetle":1},"minecraft:used":{"twilightforest:spiral_bricks":2,"minecraft:stone_sword":132,"minecraft:flint_and_steel":4,"twilightforest:torchberries":4,"minecraft:poppy":17,"minecraft:chest":2,"minecraft:spruce_planks":261,"minecraft:shield":24,"minecraft:iron_sword":208,"twilightforest:cracked_etched_nagastone":2,"minecraft:cooked_chicken":1,"travelersbackpack:bat":2,"minecraft:iron_chestplate":1,"minecraft:dirt":35,"minecraft:mutton":24,"minecraft:granite":2,"twilightforest:mossy_etched_nagastone":1,"minecraft:snowball":44,"minecraft:obsidian":12,"minecraft:iron_axe":161,"twilightforest:cooked_venison":12,"minecraft:iron_boots":3,"minecraft:golden_sword":33,"minecraft:beef":11,"minecraft:written_book":4,"minecraft:furnace":9,"minecraft:cooked_cod":3,"minecraft:cobbled_deepslate":15,"minecraft:golden_axe":101,"minecraft:cooked_mutton":8,"minecraft:water_bucket":47,"minecraft:diorite":1,"minecraft:baked_potato":7,"minecraft:stone_pickaxe":210,"minecraft:polished_andesite":1,"minecraft:wooden_pickaxe":3,"minecraft:blue_bed":9,"minecraft:leather_boots":2,"minecraft:cracked_stone_bricks":2,"minecraft:crafting_table":9,"minecraft:red_bed":1,"minecraft:white_bed":4,"minecraft:diamond_pickaxe":15,"minecraft:apple":5,"minecraft:melon_slice":11,"minecraft:bread":12,"minecraft:iron_pickaxe":60,"minecraft:brown_wool":1,"twilightforest:firefly_jar":3,"minecraft:gravel":4,"minecraft:cobblestone":26,"twilightforest:raw_venison":6,"minecraft:cooked_porkchop":11,"minecraft:andesite":1,"minecraft:bucket":52,"minecraft:gray_wool":1,"twilightforest:canopy_planks":73},"minecraft:dropped":{"twilightforest:nagastone":1,"minecraft:iron_sword":1,"minecraft:wheat_seeds":4,"twilightforest:canopy_sapling":15,"minecraft:diamond":2,"minecraft:oak_fence":2,"minecraft:leather_helmet":1,"minecraft:red_carpet":2,"minecraft:cobblestone_stairs":1,"minecraft:dirt":6,"minecraft:birch_fence":2,"twilightforest:spiral_bricks":3,"twilightforest:mossy_nagastone_pillar":2,"minecraft:light_blue_wool":1,"minecraft:brown_wool":3,"minecraft:snowball":17,"minecraft:gold_nugget":5,"minecraft:golden_hoe":1,"minecraft:purple_wool":1,"minecraft:paper":4,"minecraft:white_wool":4,"minecraft:gravel":4,"minecraft:cobblestone_wall":2,"minecraft:wheat":9,"minecraft:blue_wool":1,"minecraft:white_carpet":9,"minecraft:rotten_flesh":7,"minecraft:iron_boots":1,"minecraft:glowstone_dust":5,"minecraft:light_gray_carpet":3,"minecraft:tipped_arrow":1,"minecraft:stone_bricks":1,"minecraft:iron_bars":1,"minecraft:stone_pickaxe":1,"minecraft:wooden_pickaxe":1,"minecraft:black_wool":1,"minecraft:magma_block":2,"minecraft:written_book":1,"minecraft:stone_brick_stairs":1,"minecraft:magenta_wool":2},"minecraft:crafted":{"minecraft:cooked_chicken":1,"minecraft:furnace":1,"minecraft:flint_and_steel":1,"minecraft:cooked_mutton":7,"twilightforest:cooked_venison":12,"twilightforest:twilight_oak_planks":36,"minecraft:iron_axe":1,"minecraft:stone_pickaxe":2,"twilightforest:canopy_planks":168,"twilightforest:magic_map_focus":1,"minecraft:cooked_porkchop":5,"minecraft:crafting_table":2,"minecraft:spruce_planks":384,"minecraft:iron_helmet":1,"minecraft:wooden_pickaxe":1,"minecraft:iron_sword":1,"minecraft:bucket":1,"minecraft:bread":1,"minecraft:air":0,"minecraft:paper":12,"minecraft:diamond_pickaxe":1,"minecraft:shield":1,"minecraft:stick":120,"minecraft:iron_ingot":69,"minecraft:iron_pickaxe":1,"minecraft:stone_sword":1,"minecraft:iron_leggings":1,"minecraft:white_bed":1,"twilightforest:magic_map":1}},"DataVersion":3337}