{"stats":{"minecraft:broken":{"minecraft:golden_sword":1,"minecraft:golden_axe":1},"minecraft:dropped":{"minecraft:rotten_flesh":1},"minecraft:mined":{"minecraft:large_fern":1,"minecraft:white_bed":1,"minecraft:spruce_log":97,"minecraft:crafting_table":1,"minecraft:grass":3,"minecraft:spruce_leaves":1,"minecraft:blue_bed":3,"minecraft:fern":2},"minecraft:used":{"minecraft:brown_wool":1,"minecraft:spruce_planks":190,"minecraft:blue_bed":3,"minecraft:golden_sword":33,"minecraft:mutton":13,"minecraft:crafting_table":1,"minecraft:white_bed":2,"minecraft:gray_wool":1,"minecraft:golden_axe":101},"minecraft:picked_up":{"minecraft:stick":9,"minecraft:crafting_table":1,"minecraft:chicken":1,"minecraft:brown_wool":1,"minecraft:spruce_sapling":15,"minecraft:white_bed":1,"minecraft:spruce_log":96,"minecraft:blue_bed":3,"minecraft:rotten_flesh":1,"minecraft:gray_wool":1,"minecraft:mutton":13,"minecraft:white_wool":6},"minecraft:crafted":{"minecraft:crafting_table":1,"minecraft:stick":120,"minecraft:spruce_planks":384,"minecraft:white_bed":1},"minecraft:killed":{"minecraft:sheep":8,"minecraft:zombie":2,"minecraft:chicken":1},"minecraft:custom":{"minecraft:time_since_rest":4918,"minecraft:sprint_one_cm":33819,"minecraft:damage_taken":160,"minecraft:walk_one_cm":53731,"minecraft:mob_kills":11,"minecraft:drop":1,"minecraft:damage_dealt":1269,"minecraft:talked_to_villager":1,"minecraft:interact_with_crafting_table":1,"minecraft:fly_one_cm":42988,"minecraft:open_chest":1,"minecraft:crouch_one_cm":8023,"minecraft:play_time":20157,"minecraft:sneak_time":2477,"minecraft:jump":285,"minecraft:leave_game":4,"minecraft:time_since_death":20157,"minecraft:sleep_in_bed":1,"minecraft:total_world_time":20157,"minecraft:fall_one_cm":10015}},"DataVersion":3337}