{"stats":{"minecraft:killed_by":{"minecraft:creeper":1},"minecraft:mined":{"minecraft:light_gray_carpet":3,"minecraft:white_bed":1,"minecraft:red_bed":1,"minecraft:crafting_table":2,"minecraft:grass_block":1,"minecraft:spruce_leaves":3,"minecraft:blue_bed":7,"minecraft:large_fern":3,"minecraft:blue_ice":1,"minecraft:white_carpet":9,"minecraft:spruce_log":97,"minecraft:fletching_table":1,"minecraft:grass":4,"minecraft:dirt":2,"minecraft:stone":5,"minecraft:fern":2},"minecraft:picked_up":{"minecraft:crafting_table":3,"minecraft:iron_chestplate":1,"minecraft:chicken":2,"minecraft:brown_wool":1,"minecraft:potato":9,"minecraft:blue_bed":7,"minecraft:dirt":18,"minecraft:red_bed":1,"minecraft:white_carpet":9,"minecraft:spruce_planks":124,"minecraft:iron_ingot":4,"minecraft:iron_nugget":14,"minecraft:fletching_table":2,"minecraft:iron_boots":3,"minecraft:furnace":2,"minecraft:stick":138,"minecraft:porkchop":5,"minecraft:spruce_sapling":30,"minecraft:white_bed":1,"minecraft:spruce_log":96,"minecraft:leather_helmet":1,"minecraft:rotten_flesh":1,"minecraft:gray_wool":1,"minecraft:saddle":1,"minecraft:bread":4,"minecraft:light_gray_carpet":3,"minecraft:mutton":13,"minecraft:obsidian":2,"minecraft:snowball":16,"minecraft:white_wool":9,"minecraft:cobblestone":5},"minecraft:broken":{"minecraft:golden_sword":1,"minecraft:golden_axe":1},"minecraft:crafted":{"minecraft:crafting_table":1,"minecraft:spruce_planks":384,"minecraft:wooden_pickaxe":1,"minecraft:stick":120,"minecraft:stone_pickaxe":1,"minecraft:stone_sword":1,"minecraft:white_bed":1},"minecraft:used":{"minecraft:stone_sword":26,"minecraft:stone_pickaxe":2,"minecraft:spruce_planks":193,"minecraft:wooden_pickaxe":3,"minecraft:blue_bed":7,"minecraft:iron_chestplate":1,"minecraft:dirt":9,"minecraft:mutton":13,"minecraft:crafting_table":2,"minecraft:red_bed":1,"minecraft:white_bed":2,"minecraft:snowball":28,"minecraft:bread":9,"minecraft:brown_wool":1,"minecraft:iron_boots":1,"minecraft:golden_sword":33,"minecraft:gray_wool":1,"minecraft:golden_axe":101},"minecraft:dropped":{"minecraft:white_carpet":9,"minecraft:rotten_flesh":1,"minecraft:iron_boots":1,"minecraft:light_gray_carpet":3,"minecraft:wooden_pickaxe":1},"minecraft:killed":{"minecraft:pig":3,"minecraft:iron_golem":1,"minecraft:sheep":8,"minecraft:zombie":4,"minecraft:chicken":1,"minecraft:villager":1},"minecraft:custom":{"minecraft:mob_kills":18,"minecraft:interact_with_crafting_table":4,"minecraft:leave_game":5,"minecraft:time_since_death":8210,"minecraft:sleep_in_bed":2,"minecraft:time_since_rest":3012,"minecraft:sprint_one_cm":93348,"minecraft:damage_taken":791,"minecraft:walk_one_cm":79198,"minecraft:drop":5,"minecraft:damage_dealt":2734,"minecraft:talked_to_villager":1,"minecraft:fly_one_cm":146558,"minecraft:open_chest":6,"minecraft:crouch_one_cm":10512,"minecraft:play_time":37514,"minecraft:deaths":1,"minecraft:sneak_time":3375,"minecraft:jump":714,"minecraft:total_world_time":37514,"minecraft:fall_one_cm":24251}},"DataVersion":3337}