{"stats":{"minecraft:used":{"mts:unumilitary.unumilitary_heli_unu_crow_desertcamo":2,"mts:unumilitary.unumilitary_boat_unu_salmon_forrestcamo":2,"mts:unumilitary.unumilitary_plane_unu_quail_blackthorne":1,"mts:unumilitary.unumilitary_vehicle_unu_mule_amphibious_winter":3,"mts:unumilitary.unumilitary_heli_unu_crow_forrest":1},"minecraft:custom":{"minecraft:jump":26,"minecraft:time_since_rest":60727,"minecraft:damage_taken":146,"minecraft:play_one_minute":60727,"minecraft:leave_game":11,"minecraft:time_since_death":60727,"minecraft:walk_on_water_one_cm":30,"minecraft:walk_one_cm":6683,"minecraft:sneak_time":590,"minecraft:mob_kills":1,"minecraft:drop":24,"minecraft:fly_one_cm":60062},"minecraft:picked_up":{"minecraft:azure_bluet":2,"minecraft:wheat_seeds":1,"minecraft:dirt":25},"minecraft:killed":{"alexsmobs:fly":1},"minecraft:dropped":{"minecraft:dirt":22,"mts:unumilitary.unumilitary_vehicle_unu_mule_amphibious_winter":1,"mts:mts.handbook_car":1}},"DataVersion":2586}